Segment,Customers,Expected_Rev_90d,CI_Low_90d,CI_High_90d,ActiveRate
Occasional Buyers,209,2155090.090925445,1625707.9181245298,2647143.870908628,51.055797386662746
Discount Hunters,1791,1308387.991602706,978402.2877894631,1622604.4429879633,65.69754241579835
